Date,Content
2024-12-17,https://boxd.it/83xoN9
2024-12-31,https://boxd.it/8f45xL
2025-01-24,https://boxd.it/8A78R5
2025-02-08,https://boxd.it/8Lb94P
2025-02-08,https://boxd.it/8LaRfb
2025-02-10,https://boxd.it/8MxgpD
2025-02-18,https://boxd.it/8P6YcL
2025-03-08,https://boxd.it/93AMr1
2025-03-16,https://boxd.it/4VvbjZ
2025-03-18,https://boxd.it/3cLl9z
2025-03-19,https://boxd.it/95Tsq9
2025-03-22,https://boxd.it/9arIZ9
2025-03-23,https://boxd.it/97xk8l
2025-03-25,https://boxd.it/5HQhQJ
2025-03-25,https://boxd.it/9coydL
2025-04-13,https://boxd.it/9o8YUR
2025-04-17,https://boxd.it/9pU9lh
2025-04-23,https://boxd.it/9v0B2T
2025-04-26,https://boxd.it/9wsLin
2025-04-28,https://boxd.it/6RXvfz
2025-04-29,https://boxd.it/15zJ4b
2025-04-30,https://boxd.it/9yTUmv
2025-05-01,https://boxd.it/9zrvDz
2025-05-03,https://boxd.it/9ADxiL
2025-05-13,https://boxd.it/9Gx8W9
2025-05-17,https://boxd.it/9I8BO7
2025-05-19,https://boxd.it/9JettV
2025-05-24,https://boxd.it/9M8p01
2025-05-25,https://boxd.it/1MNxtX
2025-05-25,https://boxd.it/9C6YEL
2025-05-27,https://boxd.it/9OiILD
2025-05-30,https://boxd.it/9Lzieb
2025-05-30,https://boxd.it/92CyYl
2025-06-01,https://boxd.it/9RiLZ1
2025-06-03,https://boxd.it/9SI0qf
2025-06-05,https://boxd.it/9TUjSl
2025-06-07,https://boxd.it/9UWQ6H
2025-06-08,https://boxd.it/9L4mGh
2025-06-08,https://boxd.it/9zpuXT
2025-06-08,https://boxd.it/9SM55p
2025-06-08,https://boxd.it/9zvg5P
2025-06-09,https://boxd.it/5o2WR3
2025-06-12,https://boxd.it/9YCKBF
2025-06-14,https://boxd.it/6DR1NX
2025-06-14,https://boxd.it/SBZQd
2025-06-16,https://boxd.it/9XysHj
2025-06-16,https://boxd.it/9G1w05
2025-06-16,https://boxd.it/9kSDBZ
2025-06-16,https://boxd.it/9S9gjf
2025-06-16,https://boxd.it/9UvMwH
2025-06-17,https://boxd.it/9SKgS9
2025-06-17,https://boxd.it/9UQcsr
2025-06-17,https://boxd.it/9W3QnB
2025-06-17,https://boxd.it/9UEu4X
2025-06-17,https://boxd.it/9Uzw5j
2025-06-17,https://boxd.it/9MK3dX
2025-06-17,https://boxd.it/9TSXsD
2025-06-17,https://boxd.it/9M97QF
2025-06-17,https://boxd.it/9UmcUP
2025-06-18,https://boxd.it/9HhDkd
2025-06-18,https://boxd.it/a2cGCD
2025-06-18,https://boxd.it/a2bFTr
2025-06-18,https://boxd.it/9HW49V
2025-06-18,https://boxd.it/a2yVrJ
2025-06-19,https://boxd.it/7wSq67
2025-06-19,https://boxd.it/7xSzsZ
2025-06-19,https://boxd.it/a396kB
2025-06-19,https://boxd.it/a3pOB
2025-06-19,https://boxd.it/1zqFVn
2025-06-19,https://boxd.it/bkrVH
2025-06-19,https://boxd.it/1kZxel
2025-06-19,https://boxd.it/3cLmnn
2025-06-19,https://boxd.it/1t2Xu3
2025-06-19,https://boxd.it/4kqi7
2025-06-19,https://boxd.it/gJ51n
2025-06-19,https://boxd.it/2Bhpm5
2025-06-20,https://boxd.it/a3f5VX
2025-06-21,https://boxd.it/a3YpvF
2025-06-21,https://boxd.it/a41t5d
2025-06-22,https://boxd.it/3jCt5Z
2025-06-22,https://boxd.it/Boc5
2025-06-23,https://boxd.it/a5mluv
2025-06-25,https://boxd.it/250PCh
2025-06-25,https://boxd.it/4MqfmH
2025-06-26,https://boxd.it/a7edv3
2025-06-27,https://boxd.it/a7OUwb
2025-06-27,https://boxd.it/a874nT
2025-06-27,https://boxd.it/a8h6Uv
2025-06-30,https://boxd.it/aa71Cp
2025-07-01,https://boxd.it/ab00yL
2025-07-02,https://boxd.it/aboKX1
2025-07-03,https://boxd.it/abXLzJ
2025-07-04,https://boxd.it/acSCFH
2025-07-08,https://boxd.it/acJ1KR
2025-07-08,https://boxd.it/5iM7IR
2025-07-08,https://boxd.it/2a7XB1
2025-07-08,https://boxd.it/98ogAh
2025-07-10,https://boxd.it/bk2Z5
2025-07-10,https://boxd.it/9zssj
2025-07-10,https://boxd.it/Mx0TN
2025-07-10,https://boxd.it/cTza9
2025-07-10,https://boxd.it/8l08X
2025-07-10,https://boxd.it/1YuMj
2025-07-11,https://boxd.it/ai8jkx
2025-07-12,https://boxd.it/aimgkd
2025-07-12,https://boxd.it/aiOiqX
2025-07-12,https://boxd.it/8Wpvcj
2025-07-13,https://boxd.it/1eEmt9
2025-07-17,https://boxd.it/afPfBt
2025-07-17,https://boxd.it/ag0b4n
2025-07-17,https://boxd.it/aflhM9
2025-07-17,https://boxd.it/afPGlR
2025-07-19,https://boxd.it/9WeloP
2025-07-19,https://boxd.it/9UXJ9r
2025-07-19,https://boxd.it/9Vs4yH
2025-07-19,https://boxd.it/9W64vN
2025-07-19,https://boxd.it/9V0hqb
2025-07-19,https://boxd.it/9WkFjn
2025-07-19,https://boxd.it/9UWWhB
2025-07-19,https://boxd.it/9VvqY9
2025-07-19,https://boxd.it/aj3Htx
2025-07-19,https://boxd.it/9V1By7
2025-07-19,https://boxd.it/9UVCvr
2025-07-20,https://boxd.it/9SnZv
2025-07-20,https://boxd.it/8HMXN
2025-07-20,https://boxd.it/XtPmL
2025-07-20,https://boxd.it/1B02cf
2025-07-20,https://boxd.it/1JNll1
2025-07-20,https://boxd.it/aoz7Md
2025-07-21,https://boxd.it/35dIR
2025-07-21,https://boxd.it/2IspWn
2025-07-21,https://boxd.it/1ZO1ZV
2025-07-21,https://boxd.it/4U2G6l
2025-07-21,https://boxd.it/8OlOdF
2025-07-23,https://boxd.it/ar4Rld
2025-07-24,https://boxd.it/arzg6R
2025-07-25,https://boxd.it/asA4Vz
2025-07-25,https://boxd.it/7nPcsV
2025-07-25,https://boxd.it/33zoT1
2025-07-26,https://boxd.it/atZ4IT
2025-07-27,https://boxd.it/4aQ1V
2025-07-27,https://boxd.it/1tvIRp
2025-07-27,https://boxd.it/2DQbe5
2025-07-27,https://boxd.it/4h4fYD
2025-07-27,https://boxd.it/wYs2x
2025-07-27,https://boxd.it/RQKRr
2025-07-27,https://boxd.it/1fJvJ5
2025-07-27,https://boxd.it/Hh2oF
2025-07-27,https://boxd.it/aSKzJ
2025-07-27,https://boxd.it/14kbeH
2025-07-27,https://boxd.it/7inifd
2025-07-28,https://boxd.it/auQk8X
2025-07-29,https://boxd.it/20IyJX
2025-07-29,https://boxd.it/16OLwF
2025-07-29,https://boxd.it/1yrFG1
2025-07-29,https://boxd.it/3Kdj4Z
2025-07-29,https://boxd.it/7cGPCN
2025-07-29,https://boxd.it/29Odj3
2025-07-29,https://boxd.it/9ypBPD
2025-07-29,https://boxd.it/awDx2F
2025-07-30,https://boxd.it/ax1zdX
2025-08-01,https://boxd.it/7yY6NF
2025-08-01,https://boxd.it/3SONcZ
2025-08-01,https://boxd.it/9Y8J3n
2025-08-01,https://boxd.it/8K1qsb
2025-08-01,https://boxd.it/5LHSpX
2025-08-01,https://boxd.it/4DWChX
2025-08-01,https://boxd.it/4DCTaf
2025-08-01,https://boxd.it/4kPWjJ
2025-08-01,https://boxd.it/44m9gf
2025-08-01,https://boxd.it/ayup8F
2025-08-01,https://boxd.it/ayUzLz
2025-08-02,https://boxd.it/azepUr
2025-08-03,https://boxd.it/azMenp
2025-08-03,https://boxd.it/l24CL
2025-08-03,https://boxd.it/1wdLwP
2025-08-03,https://boxd.it/TF75f
2025-08-03,https://boxd.it/1mfc1h
2025-08-05,https://boxd.it/aBI8nj
2025-08-07,https://boxd.it/aCz221
2025-08-07,https://boxd.it/aCTvK7
2025-08-07,https://boxd.it/9yT3FT
2025-08-07,https://boxd.it/9zR35B
2025-08-07,https://boxd.it/9y1pe3
2025-08-07,https://boxd.it/9x71c1
2025-08-07,https://boxd.it/9z279v
2025-08-07,https://boxd.it/9yTv9r
2025-08-07,https://boxd.it/9AGuuZ
2025-08-08,https://boxd.it/aDOpP5
2025-08-08,https://boxd.it/7qtm85
2025-08-08,https://boxd.it/avfLdl
2025-08-08,https://boxd.it/9wsHYJ
2025-08-08,https://boxd.it/80LClT
2025-08-08,https://boxd.it/5ggRbd
2025-08-08,https://boxd.it/7WFH9P
2025-08-09,https://boxd.it/abHcAP
2025-08-09,https://boxd.it/ac3VB3
2025-08-11,https://boxd.it/aG3VkL
2025-08-11,https://boxd.it/2Q4rx
2025-08-11,https://boxd.it/1Fm14f
2025-08-11,https://boxd.it/1aY8v5
2025-08-11,https://boxd.it/TLUuv
2025-08-11,https://boxd.it/S623z
2025-08-11,https://boxd.it/RnQn5
2025-08-11,https://boxd.it/1U4cad
2025-08-11,https://boxd.it/4ToH5
2025-08-11,https://boxd.it/1hB98N
2025-08-11,https://boxd.it/3BG7EX
2025-08-11,https://boxd.it/aGZagX
2025-08-13,https://boxd.it/aHGaUJ
2025-08-13,https://boxd.it/2jJeyj
2025-08-13,https://boxd.it/9Dydgn
2025-08-13,https://boxd.it/aiaSb5
2025-08-13,https://boxd.it/46p6o5
2025-08-13,https://boxd.it/aHSHzD
2025-08-14,https://boxd.it/aIDbSd
2025-08-14,https://boxd.it/aIWhkf
2025-08-14,https://boxd.it/BeTil
2025-08-14,https://boxd.it/1xQMfx
2025-08-14,https://boxd.it/1A4zEv
2025-08-14,https://boxd.it/2a7TC5
2025-08-14,https://boxd.it/2oYx2r
2025-08-15,https://boxd.it/aJao13
2025-08-15,https://boxd.it/9xs6MZ
2025-08-15,https://boxd.it/9wwZen
2025-08-15,https://boxd.it/9wGd79
2025-08-16,https://boxd.it/aK0nYn
2025-08-17,https://boxd.it/aKDi6D
2025-08-17,https://boxd.it/aLg3Sb
2025-08-17,https://boxd.it/15dbVr
2025-08-17,https://boxd.it/aLkWCF
2025-08-18,https://boxd.it/aLBwyB
2025-08-21,https://boxd.it/aNIwa7
2025-08-22,https://boxd.it/aOdMrF
2025-08-22,https://boxd.it/aOpYKN
2025-08-23,https://boxd.it/3elmxX
2025-08-24,https://boxd.it/KTP4x
2025-08-25,https://boxd.it/aQHZBr
2025-08-25,https://boxd.it/1GXL5V
2025-08-25,https://boxd.it/hAqNt
2025-08-25,https://boxd.it/1opivl
2025-08-25,https://boxd.it/3ufhMb
2025-08-25,https://boxd.it/tuujN
2025-08-25,https://boxd.it/3eZht7
2025-08-26,https://boxd.it/aRo4LZ
2025-08-29,https://boxd.it/aTdBlB
2025-08-29,https://boxd.it/aSyAKt
2025-08-29,https://boxd.it/aTmNUr
2025-08-30,https://boxd.it/aUhiJh
2025-08-30,https://boxd.it/aU5yRH
2025-08-31,https://boxd.it/aUwTut
2025-09-01,https://boxd.it/aSRjwn
2025-09-01,https://boxd.it/aTjVF9
2025-09-01,https://boxd.it/aSAgtL
2025-09-01,https://boxd.it/aSJkEL
2025-09-02,https://boxd.it/9ayzrr
2025-09-03,https://boxd.it/ashi0J
2025-09-03,https://boxd.it/ashioh
2025-09-03,https://boxd.it/9WmisF
2025-09-03,https://boxd.it/ajDvrL
2025-09-04,https://boxd.it/aXwGof
2025-09-05,https://boxd.it/aSzjvN
2025-09-05,https://boxd.it/ankvQz
2025-09-06,https://boxd.it/9Yh2kj
2025-09-06,https://boxd.it/9Yh32P
2025-09-06,https://boxd.it/aMXmO3
2025-09-06,https://boxd.it/9Yh2tl
2025-09-06,https://boxd.it/9falV5
2025-09-06,https://boxd.it/7amkW5
2025-09-06,https://boxd.it/33qZJJ
2025-09-06,https://boxd.it/9VquNz
2025-09-06,https://boxd.it/7U8Blh
2025-09-06,https://boxd.it/9Jhbh9
2025-09-06,https://boxd.it/3xdTAP
2025-09-06,https://boxd.it/7OqynL
2025-09-06,https://boxd.it/9HHfuZ
2025-09-09,https://boxd.it/b0JqJp
2025-09-09,https://boxd.it/b0T6Ad
2025-09-10,https://boxd.it/aWSQ3h
2025-09-10,https://boxd.it/aWRh7B
2025-09-10,https://boxd.it/aXTeed
2025-09-10,https://boxd.it/b1pDbT
2025-09-11,https://boxd.it/b2fNmB
2025-09-11,https://boxd.it/b1ZgHf
2025-09-12,https://boxd.it/b2uFtf
2025-09-14,https://boxd.it/b46YAf
2025-09-15,https://boxd.it/hqsjP
2025-09-15,https://boxd.it/Fw7KN
2025-09-19,https://boxd.it/b6UASd
2025-09-20,https://boxd.it/b79l1N
2025-09-22,https://boxd.it/b8EdBf
2025-09-23,https://boxd.it/b9fATb
2025-09-24,https://boxd.it/b9DEop
2025-09-24,https://boxd.it/b2Tar3
2025-09-24,https://boxd.it/aJQmxv
2025-09-24,https://boxd.it/b5Aiix
2025-09-27,https://boxd.it/bbfu4p
2025-09-28,https://boxd.it/bbRIDJ
2025-09-28,https://boxd.it/bbUE1x
2025-09-29,https://boxd.it/1cRypV
2025-09-29,https://boxd.it/1tvY4t
2025-09-29,https://boxd.it/2crctx
2025-10-01,https://boxd.it/az76Rp
2025-10-01,https://boxd.it/aA6SYZ
2025-10-01,https://boxd.it/aA9eyN
2025-10-02,https://boxd.it/bepbVr
2025-10-02,https://boxd.it/beXjE7
2025-10-03,https://boxd.it/bf3nBX
2025-10-03,https://boxd.it/bf3mnb
2025-10-03,https://boxd.it/bf3mm3
2025-10-03,https://boxd.it/bf3jZL
2025-10-03,https://boxd.it/bf3jDv
2025-10-03,https://boxd.it/bf3hY7
2025-10-03,https://boxd.it/beZ63B
2025-10-03,https://boxd.it/bf3aLF
2025-10-04,https://boxd.it/bfGr8j
2025-10-05,https://boxd.it/bgrvVt
2025-10-05,https://boxd.it/bgrn1x
2025-10-06,https://boxd.it/bh0jZt
2025-10-07,https://boxd.it/bhfSPX
2025-10-08,https://boxd.it/bikNjB
2025-10-08,https://boxd.it/bisdyV
2025-10-10,https://boxd.it/bjBgcl
2025-10-12,https://boxd.it/b4YKoR
2025-10-16,https://boxd.it/bnt86T
2025-10-16,https://boxd.it/bntUbx
2025-10-17,https://boxd.it/bmgdCP
2025-10-22,https://boxd.it/8zGDQj
2025-10-22,https://boxd.it/8NfF3Z
2025-10-22,https://boxd.it/bmPDoz
2025-10-22,https://boxd.it/9ItK53
2025-10-22,https://boxd.it/5KkX0X
2025-10-23,https://boxd.it/brD0ET
2025-10-23,https://boxd.it/bsfDcl
2025-10-24,https://boxd.it/bsJ9A3
2025-10-24,https://boxd.it/5iMKaT
2025-10-25,https://boxd.it/btsN4h
2025-10-26,https://boxd.it/bu17vb
2025-10-27,https://boxd.it/buDzxZ
2025-10-27,https://boxd.it/8SPbQJ
2025-10-27,https://boxd.it/8Pn039
2025-10-27,https://boxd.it/8QbYVZ
2025-10-27,https://boxd.it/8PsOMt
2025-10-27,https://boxd.it/8HSLEB
2025-10-31,https://boxd.it/bxN1yr
2025-10-31,https://boxd.it/yE07d
2025-10-31,https://boxd.it/Bbf3J
2025-11-03,https://boxd.it/bzRwcR
2025-11-06,https://boxd.it/bCoKBv
2025-11-06,https://boxd.it/axv6yn
2025-11-06,https://boxd.it/azUIwn
2025-11-06,https://boxd.it/9Iz9QX
2025-11-06,https://boxd.it/aCksbX
2025-11-06,https://boxd.it/bs3g2j
2025-11-07,https://boxd.it/bAQ1hN
2025-11-07,https://boxd.it/bBrsJ9
2025-11-07,https://boxd.it/bBADeJ
2025-11-08,https://boxd.it/bDCixx
2025-11-12,https://boxd.it/a4sLqH
2025-11-15,https://boxd.it/bI30eH
2025-11-15,https://boxd.it/bIaZHf
2025-11-15,https://boxd.it/bI6Mkf
2025-11-16,https://boxd.it/bIKxhl
2025-11-19,https://boxd.it/bKXGt5
2025-11-19,https://boxd.it/bKtd4F
2025-11-19,https://boxd.it/bL237p
2025-11-26,https://boxd.it/bPrvZF
2025-12-13,https://boxd.it/c19CHZ
2025-12-13,https://boxd.it/c1N8fB
2025-12-17,https://boxd.it/c4z8kF
2025-12-23,https://boxd.it/caGGQD
2025-12-23,https://boxd.it/90QBNF
2025-12-25,https://boxd.it/ccZ89r
2025-12-31,https://boxd.it/68ntkl
2025-12-31,https://boxd.it/E7uVv
2025-12-31,https://boxd.it/bf9UYn
2025-12-31,https://boxd.it/6XqR2Z
2025-12-31,https://boxd.it/6oTxJR
2025-12-31,https://boxd.it/231hV9
2026-01-01,https://boxd.it/cm5vEF
2026-01-05,https://boxd.it/cr4vSZ
2026-01-05,https://boxd.it/cqFBSL
2026-01-11,https://boxd.it/cysrc7
2026-01-12,https://boxd.it/czVpox
2026-01-16,https://boxd.it/cCnZuv
2026-01-16,https://boxd.it/cCnu2v
2026-01-18,https://boxd.it/4EpD3Z
2026-01-18,https://boxd.it/2Lj3eH
2026-01-18,https://boxd.it/bNDdqj
2026-01-18,https://boxd.it/1KWyTR
2026-01-18,https://boxd.it/bzNCgd
2026-01-22,https://boxd.it/cJFooJ
2026-01-26,https://boxd.it/cP4W2d
2026-01-28,https://boxd.it/cRdWdL
2026-01-28,https://boxd.it/cRrmdN
2026-01-29,https://boxd.it/cSqL5V
2026-02-01,https://boxd.it/6jlFEH
2026-02-01,https://boxd.it/6zOulh
2026-02-01,https://boxd.it/6u7l25
2026-02-02,https://boxd.it/cV0yJN
2026-02-04,https://boxd.it/a4IzQl
2026-02-06,https://boxd.it/bKFqrL
2026-02-06,https://boxd.it/4vQuBh
2026-02-06,https://boxd.it/814Jgf
2026-02-06,https://boxd.it/ce8x4t
2026-02-06,https://boxd.it/3pIk9T
2026-02-08,https://boxd.it/d1xwxZ
2026-02-11,https://boxd.it/d4KLWX
2026-02-11,https://boxd.it/d4G32t
2026-02-11,https://boxd.it/adVozF
2026-02-11,https://boxd.it/4qmP9X
2026-02-11,https://boxd.it/1BI26J
2026-02-11,https://boxd.it/xUn6v
2026-02-11,https://boxd.it/1WRUa3
2026-02-11,https://boxd.it/34yVEl
2026-02-11,https://boxd.it/8Gn1Mt
2026-02-11,https://boxd.it/bYJITx
2026-02-11,https://boxd.it/d1wX9t
2026-02-11,https://boxd.it/bRjqi9
2026-02-14,https://boxd.it/d5bPzd
2026-02-14,https://boxd.it/d4y2uZ
2026-02-14,https://boxd.it/cmCcsB
2026-02-14,https://boxd.it/civEOb
2026-02-14,https://boxd.it/d7izwf
2026-02-18,https://boxd.it/db57Br
2026-02-18,https://boxd.it/d8RH8f
2026-02-18,https://boxd.it/daNQth
2026-02-18,https://boxd.it/dasiGp
2026-02-18,https://boxd.it/dbgMHn
2026-02-21,https://boxd.it/cdT23T
2026-02-21,https://boxd.it/cszvYf
2026-02-21,https://boxd.it/dafPkZ
2026-02-21,https://boxd.it/d4C1lZ
2026-02-21,https://boxd.it/d1RiHr
2026-02-21,https://boxd.it/d07JfX
2026-02-21,https://boxd.it/cU3x7l
2026-02-21,https://boxd.it/cEy9gB
2026-02-21,https://boxd.it/cpEPIT
2026-02-21,https://boxd.it/cnNhhT
2026-02-21,https://boxd.it/aSJZkx
2026-02-21,https://boxd.it/ddTOHv
2026-02-22,https://boxd.it/darWVd
2026-02-22,https://boxd.it/cxtCRX
2026-02-22,https://boxd.it/ck6sZJ
2026-02-22,https://boxd.it/cg6y9X
2026-02-22,https://boxd.it/bYwIp7
2026-02-22,https://boxd.it/bXzvlD
2026-02-22,https://boxd.it/cCjMe7
2026-02-22,https://boxd.it/bS7qYz
2026-02-23,https://boxd.it/dfme1v
2026-02-24,https://boxd.it/dh2RTT
2026-02-24,https://boxd.it/dh325P
2026-02-25,https://boxd.it/5iN0Q7
2026-02-25,https://boxd.it/4YRC1f
2026-02-25,https://boxd.it/95iguT
2026-02-25,https://boxd.it/3efb8v
2026-02-25,https://boxd.it/3efbwH
2026-02-25,https://boxd.it/dhYxlt
2026-02-26,https://boxd.it/71a9zf
2026-02-26,https://boxd.it/6NInGh
2026-02-26,https://boxd.it/6NKe8f
2026-02-27,https://boxd.it/djwbKj
2026-02-28,https://boxd.it/dk4nrV
2026-02-28,https://boxd.it/58nvHt
2026-03-02,https://boxd.it/dkYDGJ
2026-03-02,https://boxd.it/dhH4rX
2026-03-02,https://boxd.it/26woRn
2026-03-02,https://boxd.it/5yOObT
2026-03-02,https://boxd.it/cHJNux
2026-03-02,https://boxd.it/dm8nnv
2026-03-02,https://boxd.it/dmIKWb
2026-03-03,https://boxd.it/dmPFqX
2026-03-04,https://boxd.it/dnxsxp
2026-03-05,https://boxd.it/domF8J
2026-03-05,https://boxd.it/dodXBh
2026-03-05,https://boxd.it/doJ3wz
2026-03-06,https://boxd.it/dp0NaX
2026-03-07,https://boxd.it/8JiHEt
2026-03-08,https://boxd.it/dqBMkl
2026-03-10,https://boxd.it/ds3ho7
2026-03-11,https://boxd.it/dt37hJ
2026-03-11,https://boxd.it/dqn0vx
2026-03-11,https://boxd.it/dtw3wj
2026-03-12,https://boxd.it/dtJLNf
2026-03-13,https://boxd.it/diKQzP
2026-03-13,https://boxd.it/adTu53
2026-03-13,https://boxd.it/ntCW3
2026-03-13,https://boxd.it/jE0G3
2026-03-13,https://boxd.it/USXhR
2026-03-14,https://boxd.it/dv4EyN
2026-03-14,https://boxd.it/dv6A7n
2026-03-14,https://boxd.it/dmA73v
2026-03-14,https://boxd.it/dpIxcL
2026-03-14,https://boxd.it/dmYZdR
2026-03-14,https://boxd.it/dkQ3vJ
2026-03-14,https://boxd.it/cVgZIz
2026-03-14,https://boxd.it/dv8vjn
2026-03-14,https://boxd.it/ayoDEt
2026-03-14,https://boxd.it/5tYVUr
2026-03-14,https://boxd.it/4Zqcf1
2026-03-14,https://boxd.it/dvUpCp
2026-03-16,https://boxd.it/dwX6VR
2026-03-16,https://boxd.it/7teKGH
2026-03-16,https://boxd.it/6IeiHz
2026-03-16,https://boxd.it/9JspLp
2026-03-16,https://boxd.it/807f0t
2026-03-16,https://boxd.it/5IUh5l
2026-03-16,https://boxd.it/3kem97
2026-03-16,https://boxd.it/39ZOZl
2026-03-16,https://boxd.it/3lCJ2v
2026-03-16,https://boxd.it/3fUqjf
2026-03-16,https://boxd.it/cf7FFp
2026-03-16,https://boxd.it/6KlNLz
2026-03-16,https://boxd.it/d5pLj
2026-03-17,https://boxd.it/dy7TLb
2026-03-18,https://boxd.it/dz1EyN
2026-03-18,https://boxd.it/dyTSIV
2026-03-18,https://boxd.it/qXCgN
2026-03-18,https://boxd.it/1WIa9b
2026-03-18,https://boxd.it/8FESPP
2026-03-18,https://boxd.it/2Tjdrt
2026-03-18,https://boxd.it/4dMJq9
2026-03-18,https://boxd.it/2L7QzZ
2026-03-18,https://boxd.it/dyajff
2026-03-18,https://boxd.it/dx92ib
2026-03-20,https://boxd.it/n7GF7
2026-03-20,https://boxd.it/193LIp
2026-03-20,https://boxd.it/3daR7P
2026-03-21,https://boxd.it/atHbmf
2026-03-21,https://boxd.it/10wcUn
2026-03-21,https://boxd.it/dBSPxZ
2026-03-22,https://boxd.it/a00iTD
2026-03-22,https://boxd.it/9ZY3Fx
2026-03-22,https://boxd.it/a00j4h
2026-03-22,https://boxd.it/8VwC6n
2026-03-22,https://boxd.it/a00jxX
2026-03-22,https://boxd.it/a00jNV
2026-03-22,https://boxd.it/ajHvYj
2026-03-22,https://boxd.it/18HjBL
2026-03-22,https://boxd.it/8VwvYH
2026-03-22,https://boxd.it/aCtEtH
2026-03-22,https://boxd.it/a1crCz
2026-03-22,https://boxd.it/a00hlP
2026-03-22,https://boxd.it/9ZY4zl
2026-03-22,https://boxd.it/a00hDJ
2026-03-22,https://boxd.it/3Ys997
2026-03-22,https://boxd.it/Txugf
2026-03-22,https://boxd.it/3YruNP
2026-03-22,https://boxd.it/8Cpl3B
2026-03-22,https://boxd.it/2YikvZ
2026-03-22,https://boxd.it/SDYN7
2026-03-22,https://boxd.it/3Yrjvv
2026-03-22,https://boxd.it/RJ263
2026-03-22,https://boxd.it/dC5xfp
2026-03-22,https://boxd.it/dCsRgX
2026-03-22,https://boxd.it/dzKt6X
2026-03-22,https://boxd.it/dzGR4D
2026-03-22,https://boxd.it/dzKiH9
2026-03-22,https://boxd.it/dzJ0Fd
2026-03-22,https://boxd.it/dAl2gb
2026-03-22,https://boxd.it/dzGCpL
2026-03-22,https://boxd.it/dB87JP
2026-03-22,https://boxd.it/dCV0YF
2026-03-22,https://boxd.it/dCVjpT
2026-03-22,https://boxd.it/dB0CHp
2026-03-23,https://boxd.it/dB4zBB
2026-03-24,https://boxd.it/dEk5nD
2026-03-25,https://boxd.it/dFe4I3
2026-03-26,https://boxd.it/dFSSzv
2026-03-26,https://boxd.it/a0BYbH
2026-03-26,https://boxd.it/9mQOH9
2026-03-26,https://boxd.it/73Lql7
2026-03-26,https://boxd.it/P49kr
2026-03-26,https://boxd.it/MsFxj
2026-03-26,https://boxd.it/iDyN7
2026-03-26,https://boxd.it/2iojG7
2026-03-26,https://boxd.it/1wBLST
2026-03-26,https://boxd.it/dGc8m1
2026-03-26,https://boxd.it/dGGUdr
2026-03-28,https://boxd.it/dHzQGp
2026-03-28,https://boxd.it/dHy39z
2026-03-29,https://boxd.it/dInHQZ
2026-03-29,https://boxd.it/dInDRp
2026-03-29,https://boxd.it/cTYsOJ
2026-03-29,https://boxd.it/dILASd
2026-03-29,https://boxd.it/dJ8tst
2026-03-30,https://boxd.it/dJFjVL
2026-03-30,https://boxd.it/dJKMap
2026-03-30,https://boxd.it/dJN2ld
2026-03-30,https://boxd.it/dK2Fol
2026-03-30,https://boxd.it/dK4ykZ
2026-03-31,https://boxd.it/dL20JV
2026-03-31,https://boxd.it/dHsLLF
2026-03-31,https://boxd.it/dHhVjJ
2026-03-31,https://boxd.it/dHxaFl
2026-03-31,https://boxd.it/dHFalB
2026-03-31,https://boxd.it/dIC3kp
2026-03-31,https://boxd.it/dLjUND
2026-03-31,https://boxd.it/dvYibJ
2026-03-31,https://boxd.it/duAZQN
2026-03-31,https://boxd.it/dw29Hz
2026-03-31,https://boxd.it/dwEc1d
2026-04-01,https://boxd.it/dLkDcn
2026-04-02,https://boxd.it/dMuflT
2026-04-02,https://boxd.it/dJaZJF
2026-04-03,https://boxd.it/dNfrWB
2026-04-04,https://boxd.it/dOdGUl
2026-04-05,https://boxd.it/dPqIhb
2026-04-05,https://boxd.it/dPvUXt
2026-04-05,https://boxd.it/2z7XWN
2026-04-05,https://boxd.it/96virH
2026-04-06,https://boxd.it/534xlh
2026-04-07,https://boxd.it/9Xdbjn
2026-04-07,https://boxd.it/6JRQn1
2026-04-07,https://boxd.it/czSpBl
2026-04-07,https://boxd.it/czSkj7
2026-04-07,https://boxd.it/aSxV7F
2026-04-08,https://boxd.it/dSFC9n
2026-04-09,https://boxd.it/dGH6zp
2026-04-09,https://boxd.it/dAlu7r
2026-04-09,https://boxd.it/dTof29
2026-04-09,https://boxd.it/dTimAP
2026-04-09,https://boxd.it/dTWI97
2026-04-10,https://boxd.it/dU25E3
2026-04-10,https://boxd.it/9IqHp9
2026-04-10,https://boxd.it/1GHE0x
2026-04-10,https://boxd.it/dTdcZ1
2026-04-11,https://boxd.it/dUVbbB
2026-04-11,https://boxd.it/dVxZMN
2026-04-12,https://boxd.it/dVMb13
2026-04-12,https://boxd.it/dVXCYX
2026-04-12,https://boxd.it/dWvc0b
2026-04-12,https://boxd.it/dWzc0j
2026-04-14,https://boxd.it/7JaYn1
2026-04-14,https://boxd.it/bMhXXl
2026-04-14,https://boxd.it/aPDAPB
2026-04-14,https://boxd.it/dYdGDp
2026-04-14,https://boxd.it/aAwTkD
2026-04-14,https://boxd.it/bo5HIz
2026-04-14,https://boxd.it/fKC5P
2026-04-14,https://boxd.it/609aqz
2026-04-14,https://boxd.it/dYj6UV
2026-04-14,https://boxd.it/dVLs8t
2026-04-15,https://boxd.it/dYA2qV
2026-04-15,https://boxd.it/dYD3qt
2026-04-16,https://boxd.it/dZfHgJ
2026-04-16,https://boxd.it/N4hsZ
2026-04-17,https://boxd.it/e00xv9
2026-04-17,https://boxd.it/e0owud
2026-04-17,https://boxd.it/e0bLz7
2026-04-17,https://boxd.it/e0tTtx
2026-04-17,https://boxd.it/wZcXp
2026-04-17,https://boxd.it/1hsz7
2026-04-18,https://boxd.it/e0wZ8L
2026-04-18,https://boxd.it/e15u4t
2026-04-19,https://boxd.it/e2dejd
2026-04-20,https://boxd.it/2xrObv
2026-04-20,https://boxd.it/702ToH
2026-04-20,https://boxd.it/1v0gkD
2026-04-20,https://boxd.it/8lopdP
2026-04-20,https://boxd.it/2czTLP
2026-04-20,https://boxd.it/7dYz2J
2026-04-20,https://boxd.it/bTSfbf
2026-04-20,https://boxd.it/e1xuSz
2026-04-20,https://boxd.it/e2AOML
2026-04-21,https://boxd.it/e3k5ZR
2026-04-21,https://boxd.it/8L5Eun
2026-04-21,https://boxd.it/e3Wegd
2026-04-21,https://boxd.it/8L2exp
2026-04-22,https://boxd.it/e41OIn
2026-04-22,https://boxd.it/e40YLz
2026-04-22,https://boxd.it/e4h6gh
2026-04-22,https://boxd.it/e4wes1
2026-04-22,https://boxd.it/e3Rgnb
2026-04-22,https://boxd.it/3aCL9p
2026-04-22,https://boxd.it/crOkMj
2026-04-22,https://boxd.it/1IEiUb
2026-04-22,https://boxd.it/389RbF
2026-04-22,https://boxd.it/2ewH5z
2026-04-22,https://boxd.it/7u1p0D
2026-04-22,https://boxd.it/e4DbY3
2026-04-22,https://boxd.it/e4Hf63
2026-04-22,https://boxd.it/e4HrEB
2026-04-22,https://boxd.it/e4HVZT
2026-04-23,https://boxd.it/e4LKeP
2026-04-23,https://boxd.it/e4Q05d
2026-04-23,https://boxd.it/e4SVJt
2026-04-23,https://boxd.it/e5clj5
2026-04-23,https://boxd.it/e5gpzz
2026-04-23,https://boxd.it/dJILdX
2026-04-23,https://boxd.it/8jlwzf
2026-04-23,https://boxd.it/e5m9P9
2026-04-24,https://boxd.it/ddT3ap
2026-04-24,https://boxd.it/e0vjGf
2026-04-24,https://boxd.it/e28cg7
2026-04-24,https://boxd.it/e26LPn
2026-04-24,https://boxd.it/e0RTfX
2026-04-24,https://boxd.it/dvTrKX
2026-04-24,https://boxd.it/dk1cbV
2026-04-24,https://boxd.it/e1mLdL
2026-04-24,https://boxd.it/ddAIAP
2026-04-24,https://boxd.it/e47eVd
2026-04-24,https://boxd.it/ddO13r
2026-04-24,https://boxd.it/dgJxLH
2026-04-24,https://boxd.it/dpBgWj
2026-04-24,https://boxd.it/e5ofa1
2026-04-24,https://boxd.it/e5DAJh
2026-04-25,https://boxd.it/e65WqH
2026-04-25,https://boxd.it/e69DoZ
2026-04-26,https://boxd.it/dc2K0H
2026-04-26,https://boxd.it/2xFIUn
2026-04-26,https://boxd.it/2WKvGd
2026-04-26,https://boxd.it/dF1Mxx
2026-04-27,https://boxd.it/e7PQup
2026-04-27,https://boxd.it/9hmQj
2026-04-27,https://boxd.it/zaSXL
2026-04-27,https://boxd.it/l0Mql
2026-04-27,https://boxd.it/kam4J
2026-04-27,https://boxd.it/4283NV
2026-04-27,https://boxd.it/c6tld
2026-04-27,https://boxd.it/9QIh1
2026-04-27,https://boxd.it/e81Cff
2026-04-28,https://boxd.it/e8MQ0d
2026-04-28,https://boxd.it/e9kimH
2026-04-29,https://boxd.it/e9pF8t
2026-04-29,https://boxd.it/e9uXM7
2026-04-29,https://boxd.it/e9xvHz
2026-04-29,https://boxd.it/e9AcO3
2026-04-29,https://boxd.it/47Zet9
2026-04-29,https://boxd.it/937rif
2026-04-29,https://boxd.it/4GTh9z
2026-04-29,https://boxd.it/7RuMYr
2026-04-29,https://boxd.it/9ZlsRb
2026-04-29,https://boxd.it/4BRg2N
2026-04-29,https://boxd.it/bwXNzD
2026-04-29,https://boxd.it/9gRELt
2026-04-29,https://boxd.it/e8VCOB
2026-04-29,https://boxd.it/e9v7UP
2026-04-29,https://boxd.it/e7H6LX
2026-04-29,https://boxd.it/e1dTvv
2026-04-30,https://boxd.it/ea6aF3
2026-04-30,https://boxd.it/eal1qX
2026-04-30,https://boxd.it/eaocpn
2026-04-30,https://boxd.it/eaImkx
2026-05-01,https://boxd.it/8NRZ2X
2026-05-01,https://boxd.it/8URShf
2026-05-01,https://boxd.it/9SAdXb
2026-05-01,https://boxd.it/8L7zZf
2026-05-01,https://boxd.it/8Nc3ez
2026-05-01,https://boxd.it/8LIg5h
2026-05-01,https://boxd.it/eaQEbT
2026-05-01,https://boxd.it/eaSGl1
2026-05-01,https://boxd.it/eaTQQF
2026-05-01,https://boxd.it/eb6Ln5
2026-05-01,https://boxd.it/ebui0T
2026-05-02,https://boxd.it/ebyQCF
2026-05-02,https://boxd.it/10KeAd
2026-05-02,https://boxd.it/10z8Ap
2026-05-02,https://boxd.it/18ShQr
2026-05-02,https://boxd.it/10o0It
2026-05-02,https://boxd.it/2zanb3
2026-05-02,https://boxd.it/ebD02v
2026-05-02,https://boxd.it/ecnJjj
2026-05-02,https://boxd.it/ecrsct
2026-05-03,https://boxd.it/ecv7bH
2026-05-03,https://boxd.it/ecvJud
2026-05-03,https://boxd.it/ecGQeX
2026-05-03,https://boxd.it/ecSv5T
2026-05-03,https://boxd.it/1bqwtt
2026-05-03,https://boxd.it/15KlCP
2026-05-03,https://boxd.it/ecX09v
2026-05-03,https://boxd.it/16I08f
2026-05-03,https://boxd.it/1SWKJr
2026-05-03,https://boxd.it/2hcnQd
2026-05-03,https://boxd.it/2i8lkv
2026-05-03,https://boxd.it/2ls4BV
2026-05-03,https://boxd.it/19yPVp
2026-05-05,https://boxd.it/edwMSt
2026-05-05,https://boxd.it/edx0FD
2026-05-05,https://boxd.it/edA9uP
2026-05-05,https://boxd.it/edEc0L
2026-05-05,https://boxd.it/edMiuN
2026-05-05,https://boxd.it/edR0ex
2026-05-05,https://boxd.it/edWBwD
2026-05-05,https://boxd.it/eewHV7
2026-05-05,https://boxd.it/eejtvt
2026-05-05,https://boxd.it/eeC4BT
2026-05-05,https://boxd.it/cQhDZZ
2026-05-05,https://boxd.it/efa2l3
2026-05-05,https://boxd.it/efbPN3
2026-05-06,https://boxd.it/efkQ39
2026-05-06,https://boxd.it/efn8aV
2026-05-06,https://boxd.it/efpuXp
2026-05-06,https://boxd.it/edGST3
2026-05-06,https://boxd.it/eerZCR
2026-05-06,https://boxd.it/eerd9n
2026-05-06,https://boxd.it/eedzqn
2026-05-06,https://boxd.it/eeDg5x
2026-05-06,https://boxd.it/eeAZah
2026-05-06,https://boxd.it/eforH7
2026-05-06,https://boxd.it/efn2TF
2026-05-06,https://boxd.it/efkXlp
2026-05-06,https://boxd.it/efk1Jj
2026-05-06,https://boxd.it/efi1Wj
2026-05-06,https://boxd.it/efeAKJ
2026-05-06,https://boxd.it/eeIOfr
2026-05-06,https://boxd.it/eeHl8T
2026-05-06,https://boxd.it/eeGzyp
2026-05-06,https://boxd.it/eeFXB1
2026-05-06,https://boxd.it/eeF3Hn
2026-05-06,https://boxd.it/eeEa7T
2026-05-06,https://boxd.it/eeyt27
2026-05-06,https://boxd.it/eev7Al
2026-05-06,https://boxd.it/dWGFxv
2026-05-06,https://boxd.it/efqvCT
2026-05-06,https://boxd.it/eftMHH
2026-05-06,https://boxd.it/efCG6t
2026-05-07,https://boxd.it/efSOJb
2026-05-07,https://boxd.it/eg8xDH
2026-05-07,https://boxd.it/eghBCr
2026-05-07,https://boxd.it/egt36b
2026-05-07,https://boxd.it/egv0Tt
2026-05-08,https://boxd.it/egChij
2026-05-08,https://boxd.it/egCLaJ
2026-05-08,https://boxd.it/eh5u0l
2026-05-08,https://boxd.it/ehdKfd
2026-05-09,https://boxd.it/ehfvnv
2026-05-09,https://boxd.it/ehgdK9
2026-05-09,https://boxd.it/ehiDOv
2026-05-09,https://boxd.it/ehlGQ1
2026-05-09,https://boxd.it/ehoHbz
2026-05-09,https://boxd.it/ehr81b
2026-05-10,https://boxd.it/ehxwiR
2026-05-10,https://boxd.it/dYn75x
2026-05-10,https://boxd.it/2jKZwh
2026-05-10,https://boxd.it/7TMZfD
2026-05-10,https://boxd.it/3podC5
2026-05-10,https://boxd.it/ej0hHp
2026-05-10,https://boxd.it/dQdxWb
2026-05-10,https://boxd.it/efkFHH
2026-05-10,https://boxd.it/dO19oH
2026-05-10,https://boxd.it/dPsi2D
2026-05-10,https://boxd.it/eiqJSD
2026-05-10,https://boxd.it/dLAMLX
2026-05-10,https://boxd.it/dLpqbL
2026-05-10,https://boxd.it/dMEUHr
2026-05-12,https://boxd.it/ekE06F
2026-05-12,https://boxd.it/ekFc0L
2026-05-13,https://boxd.it/ekNwnr
2026-05-13,https://boxd.it/ekOKK7
2026-05-13,https://boxd.it/ekRPwP
2026-05-13,https://boxd.it/elm905
2026-05-13,https://boxd.it/eln3Kt
2026-05-14,https://boxd.it/dSsh0X
2026-05-14,https://boxd.it/ei0p39
2026-05-14,https://boxd.it/elI23l
2026-05-14,https://boxd.it/5nQ6BN
2026-05-15,https://boxd.it/emqV1n
2026-05-16,https://boxd.it/emVUsf
2026-05-16,https://boxd.it/en5Qgp
2026-05-16,https://boxd.it/enEe59
2026-05-17,https://boxd.it/enmbFx
2026-05-17,https://boxd.it/enK9o3
2026-05-17,https://boxd.it/enVert
2026-05-17,https://boxd.it/enWqTB
2026-05-17,https://boxd.it/enXOI5
2026-05-17,https://boxd.it/eo1mpR
2026-05-17,https://boxd.it/elVnVJ
2026-05-17,https://boxd.it/eez03R
2026-05-17,https://boxd.it/ef8vUd
2026-05-17,https://boxd.it/efjZyj
2026-05-18,https://boxd.it/eoSPMB
2026-05-18,https://boxd.it/eoT815
2026-05-18,https://boxd.it/1hAjAF
2026-05-18,https://boxd.it/ep0F0X
2026-05-19,https://boxd.it/epLpg5
2026-05-19,https://boxd.it/epUZ0P
2026-05-20,https://boxd.it/7A4tZl
2026-05-20,https://boxd.it/agafaz
2026-05-20,https://boxd.it/2psM1
2026-05-20,https://boxd.it/1dIIB
2026-05-20,https://boxd.it/ckwVB
2026-05-20,https://boxd.it/1qSD7l
2026-05-20,https://boxd.it/eqD0ap
2026-05-20,https://boxd.it/eqEMCj
2026-05-21,https://boxd.it/WgSgB
2026-05-21,https://boxd.it/2ETy6D
2026-05-21,https://boxd.it/eNgyn
2026-05-21,https://boxd.it/1grsiN
2026-05-21,https://boxd.it/2jBPfn
2026-05-21,https://boxd.it/19xU5B
2026-05-21,https://boxd.it/2IIY7h
2026-05-21,https://boxd.it/1ftqBt
2026-05-21,https://boxd.it/HYtHv
2026-05-21,https://boxd.it/erMYFf
2026-05-21,https://boxd.it/erMZlP
2026-05-21,https://boxd.it/erIlhP
2026-05-21,https://boxd.it/erMJy9
2026-05-21,https://boxd.it/erKPHH
2026-05-21,https://boxd.it/erJuex
2026-05-21,https://boxd.it/erKSvT
2026-05-21,https://boxd.it/erN2mL
2026-05-21,https://boxd.it/erPlBf
2026-05-21,https://boxd.it/erOoAR
2026-05-21,https://boxd.it/erPIeN
2026-05-21,https://boxd.it/erMH8j
2026-05-22,https://boxd.it/erX5XF
2026-05-22,https://boxd.it/es1uvf
2026-05-24,https://boxd.it/esxZvz
2026-05-24,https://boxd.it/esF8S7
2026-05-24,https://boxd.it/eti2zh
2026-05-24,https://boxd.it/etsvqt
2026-05-25,https://boxd.it/euvPwL
2026-05-25,https://boxd.it/euI2jT
2026-05-25,https://boxd.it/euZZZX
2026-05-25,https://boxd.it/euZRMr
2026-05-25,https://boxd.it/euZATZ
2026-05-26,https://boxd.it/evb92X
2026-05-26,https://boxd.it/eveJs9
2026-05-26,https://boxd.it/evkZQ9
2026-05-26,https://boxd.it/evlsLR
2026-05-26,https://boxd.it/evmxXb
2026-05-26,https://boxd.it/evsiA9
2026-05-26,https://boxd.it/evBJFN
2026-05-26,https://boxd.it/evNvRz
2026-05-27,https://boxd.it/ewfTiJ
2026-05-27,https://boxd.it/ewylDB
